sku,reason
108272,Exists in TradeZone but not in Shopify
94485,Exists in TradeZone but not in Shopify
88967,Exists in TradeZone but not in Shopify
76494,Exists in TradeZone but not in Shopify
87783,Exists in TradeZone but not in Shopify
24257,Exists in TradeZone but not in Shopify
18216,Exists in TradeZone but not in Shopify
10036,Exists in TradeZone but not in Shopify
106715,Exists in TradeZone but not in Shopify
23554,Exists in TradeZone but not in Shopify
75172,Exists in TradeZone but not in Shopify
21681,Exists in TradeZone but not in Shopify
31533,Exists in TradeZone but not in Shopify
107942,Exists in TradeZone but not in Shopify
92289,Exists in TradeZone but not in Shopify
24725,Exists in TradeZone but not in Shopify
76626,Exists in TradeZone but not in Shopify
30584,Exists in TradeZone but not in Shopify
83786,Exists in TradeZone but not in Shopify
84418,Exists in TradeZone but not in Shopify
86709,Exists in TradeZone but not in Shopify
89881,Exists in TradeZone but not in Shopify
93075,Exists in TradeZone but not in Shopify
97612,Exists in TradeZone but not in Shopify
24225,Exists in TradeZone but not in Shopify
77496,Exists in TradeZone but not in Shopify
108242,Exists in TradeZone but not in Shopify
11907,Exists in TradeZone but not in Shopify
99859,Exists in TradeZone but not in Shopify
100436,Exists in TradeZone but not in Shopify
103864,Exists in TradeZone but not in Shopify
10373,Exists in TradeZone but not in Shopify
16012,Exists in TradeZone but not in Shopify
95921,Exists in TradeZone but not in Shopify
104690,Exists in TradeZone but not in Shopify
92474,Exists in TradeZone but not in Shopify
103387,Exists in TradeZone but not in Shopify
101508,Exists in TradeZone but not in Shopify
94045,Exists in TradeZone but not in Shopify
82723,Exists in TradeZone but not in Shopify
20613,Exists in TradeZone but not in Shopify
23397,Exists in TradeZone but not in Shopify
23824,Exists in TradeZone but not in Shopify
91232,Exists in TradeZone but not in Shopify
93558,Exists in TradeZone but not in Shopify
105144,Exists in TradeZone but not in Shopify
105823,Exists in TradeZone but not in Shopify
30439,Exists in TradeZone but not in Shopify
86544,Exists in TradeZone but not in Shopify
63134,Exists in TradeZone but not in Shopify
77984,Exists in TradeZone but not in Shopify
22077,Exists in TradeZone but not in Shopify
77650,Exists in TradeZone but not in Shopify
16136,Exists in TradeZone but not in Shopify
11900,Exists in TradeZone but not in Shopify
22110,Exists in TradeZone but not in Shopify
87545,Exists in TradeZone but not in Shopify
90393,Exists in TradeZone but not in Shopify
92140,Exists in TradeZone but not in Shopify
101707,Exists in TradeZone but not in Shopify
107506,Exists in TradeZone but not in Shopify
84972,Exists in TradeZone but not in Shopify
93122,Exists in TradeZone but not in Shopify
102955,Exists in TradeZone but not in Shopify
21518,Exists in TradeZone but not in Shopify
91001,Exists in TradeZone but not in Shopify
96808,Exists in TradeZone but not in Shopify
94123,Exists in TradeZone but not in Shopify
95098,Exists in TradeZone but not in Shopify
75904,Exists in TradeZone but not in Shopify
91161,Exists in TradeZone but not in Shopify
103167,Exists in TradeZone but not in Shopify
90840,Exists in TradeZone but not in Shopify
86178,Exists in TradeZone but not in Shopify
91344,Exists in TradeZone but not in Shopify
80350,Exists in TradeZone but not in Shopify
93783,Exists in TradeZone but not in Shopify
103493,Exists in TradeZone but not in Shopify
83045,Exists in TradeZone but not in Shopify
19914,Exists in TradeZone but not in Shopify
87993,Exists in TradeZone but not in Shopify
63121,Exists in TradeZone but not in Shopify
78107,Exists in TradeZone but not in Shopify
106786,Exists in TradeZone but not in Shopify
81777,Exists in TradeZone but not in Shopify
21716,Exists in TradeZone but not in Shopify
23628,Exists in TradeZone but not in Shopify
94833,Exists in TradeZone but not in Shopify
100733,Exists in TradeZone but not in Shopify
21790,Exists in TradeZone but not in Shopify
15068,Exists in TradeZone but not in Shopify
98309,Exists in TradeZone but not in Shopify
98742,Exists in TradeZone but not in Shopify
86632,Exists in TradeZone but not in Shopify
14985,Exists in TradeZone but not in Shopify
81511,Exists in TradeZone but not in Shopify
95649,Exists in TradeZone but not in Shopify
82211,Exists in TradeZone but not in Shopify
98923,Exists in TradeZone but not in Shopify
100521,Exists in TradeZone but not in Shopify
26917,Exists in TradeZone but not in Shopify
31519,Exists in TradeZone but not in Shopify
26943,Exists in TradeZone but not in Shopify
78720,Exists in TradeZone but not in Shopify
77484,Exists in TradeZone but not in Shopify
106034,Exists in TradeZone but not in Shopify
14730,Exists in TradeZone but not in Shopify
24742,Exists in TradeZone but not in Shopify
93051,Exists in TradeZone but not in Shopify
80781,Exists in TradeZone but not in Shopify
99729,Exists in TradeZone but not in Shopify
24794,Exists in TradeZone but not in Shopify
91309,Exists in TradeZone but not in Shopify
89610,Exists in TradeZone but not in Shopify
107791,Exists in TradeZone but not in Shopify
90036,Exists in TradeZone but not in Shopify
85873,Exists in TradeZone but not in Shopify
88107,Exists in TradeZone but not in Shopify
99930,Exists in TradeZone but not in Shopify
15887,Exists in TradeZone but not in Shopify
100305,Exists in TradeZone but not in Shopify
101583,Exists in TradeZone but not in Shopify
100986,Exists in TradeZone but not in Shopify
11787,Exists in TradeZone but not in Shopify
21516,Exists in TradeZone but not in Shopify
95760,Exists in TradeZone but not in Shopify
78988,Exists in TradeZone but not in Shopify
92153,Exists in TradeZone but not in Shopify
105700,Exists in TradeZone but not in Shopify
89990,Exists in TradeZone but not in Shopify
100256,Exists in TradeZone but not in Shopify
22720,Exists in TradeZone but not in Shopify
101071,Exists in TradeZone but not in Shopify
75630,Exists in TradeZone but not in Shopify
95258,Exists in TradeZone but not in Shopify
78172,Exists in TradeZone but not in Shopify
81699,Exists in TradeZone but not in Shopify
14021,Exists in TradeZone but not in Shopify
86681,Exists in TradeZone but not in Shopify
102992,Exists in TradeZone but not in Shopify
102868,Exists in TradeZone but not in Shopify
41161,Exists in TradeZone but not in Shopify
20637,Exists in TradeZone but not in Shopify
90199,Exists in TradeZone but not in Shopify
81512,Exists in TradeZone but not in Shopify
76251,Exists in TradeZone but not in Shopify
109334,Exists in TradeZone but not in Shopify
95169,Exists in TradeZone but not in Shopify
104191,Exists in TradeZone but not in Shopify
79190,Exists in TradeZone but not in Shopify
31019,Exists in TradeZone but not in Shopify
64264,Exists in TradeZone but not in Shopify
91363,Exists in TradeZone but not in Shopify
95732,Exists in TradeZone but not in Shopify
96928,Exists in TradeZone but not in Shopify
101696,Exists in TradeZone but not in Shopify
20912,Exists in TradeZone but not in Shopify
86545,Exists in TradeZone but not in Shopify
105380,Exists in TradeZone but not in Shopify
95740,Exists in TradeZone but not in Shopify
85374,Exists in TradeZone but not in Shopify
108000,Exists in TradeZone but not in Shopify
108507,Exists in TradeZone but not in Shopify
16170,Exists in TradeZone but not in Shopify
97305,Exists in TradeZone but not in Shopify
19052,Exists in TradeZone but not in Shopify
13343,Exists in TradeZone but not in Shopify
108368,Exists in TradeZone but not in Shopify
96402,Exists in TradeZone but not in Shopify
81147,Exists in TradeZone but not in Shopify
94817,Exists in TradeZone but not in Shopify
25179,Exists in TradeZone but not in Shopify
19820,Exists in TradeZone but not in Shopify
106799,Exists in TradeZone but not in Shopify
91206,Exists in TradeZone but not in Shopify
90730,Exists in TradeZone but not in Shopify
39748,Exists in TradeZone but not in Shopify
103150,Exists in TradeZone but not in Shopify
105634,Exists in TradeZone but not in Shopify
105154,Exists in TradeZone but not in Shopify
85332,Exists in TradeZone but not in Shopify
103892,Exists in TradeZone but not in Shopify
23995,Exists in TradeZone but not in Shopify
13761,Exists in TradeZone but not in Shopify
103629,Exists in TradeZone but not in Shopify
99568,Exists in TradeZone but not in Shopify
16436,Exists in TradeZone but not in Shopify
23482,Exists in TradeZone but not in Shopify
100178,Exists in TradeZone but not in Shopify
102899,Exists in TradeZone but not in Shopify
100689,Exists in TradeZone but not in Shopify
98202,Exists in TradeZone but not in Shopify
101581,Exists in TradeZone but not in Shopify
10665,Exists in TradeZone but not in Shopify
30570,Exists in TradeZone but not in Shopify
98323,Exists in TradeZone but not in Shopify
20655,Exists in TradeZone but not in Shopify
101419,Exists in TradeZone but not in Shopify
23318,Exists in TradeZone but not in Shopify
95693,Exists in TradeZone but not in Shopify
19456,Exists in TradeZone but not in Shopify
32504,Exists in TradeZone but not in Shopify
91390,Exists in TradeZone but not in Shopify
14768,Exists in TradeZone but not in Shopify
100396,Exists in TradeZone but not in Shopify
101127,Exists in TradeZone but not in Shopify
100717,Exists in TradeZone but not in Shopify
75201,Exists in TradeZone but not in Shopify
16434,Exists in TradeZone but not in Shopify
98685,Exists in TradeZone but not in Shopify
31568,Exists in TradeZone but not in Shopify
78103,Exists in TradeZone but not in Shopify
84977,Exists in TradeZone but not in Shopify
76863,Exists in TradeZone but not in Shopify
94765,Exists in TradeZone but not in Shopify
109417,Exists in TradeZone but not in Shopify
27195,Exists in TradeZone but not in Shopify
35157,Exists in TradeZone but not in Shopify
75674,Exists in TradeZone but not in Shopify
109435,Exists in TradeZone but not in Shopify
19796,Exists in TradeZone but not in Shopify
107020,Exists in TradeZone but not in Shopify
102495,Exists in TradeZone but not in Shopify
90883,Exists in TradeZone but not in Shopify
19588,Exists in TradeZone but not in Shopify
105698,Exists in TradeZone but not in Shopify
82940,Exists in TradeZone but not in Shopify
19193,Exists in TradeZone but not in Shopify
67665,Exists in TradeZone but not in Shopify
105483,Exists in TradeZone but not in Shopify
89741,Exists in TradeZone but not in Shopify
27691,Exists in TradeZone but not in Shopify
101384,Exists in TradeZone but not in Shopify
109444,Exists in TradeZone but not in Shopify
101716,Exists in TradeZone but not in Shopify
86918,Exists in TradeZone but not in Shopify
32479,Exists in TradeZone but not in Shopify
83040,Exists in TradeZone but not in Shopify
13599,Exists in TradeZone but not in Shopify
103179,Exists in TradeZone but not in Shopify
91024,Exists in TradeZone but not in Shopify
75254,Exists in TradeZone but not in Shopify
26898,Exists in TradeZone but not in Shopify
80702,Exists in TradeZone but not in Shopify
100108,Exists in TradeZone but not in Shopify
90782,Exists in TradeZone but not in Shopify
63507,Exists in TradeZone but not in Shopify
107657,Exists in TradeZone but not in Shopify
89251,Exists in TradeZone but not in Shopify
23311,Exists in TradeZone but not in Shopify
106552,Exists in TradeZone but not in Shopify
10600,Exists in TradeZone but not in Shopify
35212,Exists in TradeZone but not in Shopify
31579,Exists in TradeZone but not in Shopify
32224,Exists in TradeZone but not in Shopify
32406,Exists in TradeZone but not in Shopify
85998,Exists in TradeZone but not in Shopify
108202,Exists in TradeZone but not in Shopify
91035,Exists in TradeZone but not in Shopify
97535,Exists in TradeZone but not in Shopify
101010,Exists in TradeZone but not in Shopify
93855,Exists in TradeZone but not in Shopify
106996,Exists in TradeZone but not in Shopify
82715,Exists in TradeZone but not in Shopify
98061,Exists in TradeZone but not in Shopify
86807,Exists in TradeZone but not in Shopify
94473,Exists in TradeZone but not in Shopify
95733,Exists in TradeZone but not in Shopify
93863,Exists in TradeZone but not in Shopify
18215,Exists in TradeZone but not in Shopify
85816,Exists in TradeZone but not in Shopify
109522,Exists in TradeZone but not in Shopify
22966,Exists in TradeZone but not in Shopify
98070,Exists in TradeZone but not in Shopify
22592,Exists in TradeZone but not in Shopify
78904,Exists in TradeZone but not in Shopify
38498,Exists in TradeZone but not in Shopify
98454,Exists in TradeZone but not in Shopify
100380,Exists in TradeZone but not in Shopify
92059,Exists in TradeZone but not in Shopify
41616,Exists in TradeZone but not in Shopify
25780,Exists in TradeZone but not in Shopify
80037,Exists in TradeZone but not in Shopify
91227,Exists in TradeZone but not in Shopify
102241,Exists in TradeZone but not in Shopify
76490,Exists in TradeZone but not in Shopify
94809,Exists in TradeZone but not in Shopify
89885,Exists in TradeZone but not in Shopify
100812,Exists in TradeZone but not in Shopify
32166,Exists in TradeZone but not in Shopify
99828,Exists in TradeZone but not in Shopify
24527,Exists in TradeZone but not in Shopify
108462,Exists in TradeZone but not in Shopify
27130,Exists in TradeZone but not in Shopify
108522,Exists in TradeZone but not in Shopify
105444,Exists in TradeZone but not in Shopify
27225,Exists in TradeZone but not in Shopify
107334,Exists in TradeZone but not in Shopify
75135,Exists in TradeZone but not in Shopify
105607,Exists in TradeZone but not in Shopify
23627,Exists in TradeZone but not in Shopify
102599,Exists in TradeZone but not in Shopify
108115,Exists in TradeZone but not in Shopify
104091,Exists in TradeZone but not in Shopify
101713,Exists in TradeZone but not in Shopify
103861,Exists in TradeZone but not in Shopify
93867,Exists in TradeZone but not in Shopify
106649,Exists in TradeZone but not in Shopify
92285,Exists in TradeZone but not in Shopify
21730,Exists in TradeZone but not in Shopify
88841,Exists in TradeZone but not in Shopify
89133,Exists in TradeZone but not in Shopify
100687,Exists in TradeZone but not in Shopify
23038,Exists in TradeZone but not in Shopify
15838,Exists in TradeZone but not in Shopify
109215,Exists in TradeZone but not in Shopify
109589,Exists in TradeZone but not in Shopify
106847,Exists in TradeZone but not in Shopify
97065,Exists in TradeZone but not in Shopify
106035,Exists in TradeZone but not in Shopify
90688,Exists in TradeZone but not in Shopify
13641,Exists in TradeZone but not in Shopify
101130,Exists in TradeZone but not in Shopify
97934,Exists in TradeZone but not in Shopify
88937,Exists in TradeZone but not in Shopify
78460,Exists in TradeZone but not in Shopify
21709,Exists in TradeZone but not in Shopify
19493,Exists in TradeZone but not in Shopify
68592,Exists in TradeZone but not in Shopify
19062,Exists in TradeZone but not in Shopify
79176,Exists in TradeZone but not in Shopify
77738,Exists in TradeZone but not in Shopify
104791,Exists in TradeZone but not in Shopify
102359,Exists in TradeZone but not in Shopify
94714,Exists in TradeZone but not in Shopify
83091,Exists in TradeZone but not in Shopify
104842,Exists in TradeZone but not in Shopify
82437,Exists in TradeZone but not in Shopify
98458,Exists in TradeZone but not in Shopify
109352,Exists in TradeZone but not in Shopify
93030,Exists in TradeZone but not in Shopify
106289,Exists in TradeZone but not in Shopify
88525,Exists in TradeZone but not in Shopify
107375,Exists in TradeZone but not in Shopify
97633,Exists in TradeZone but not in Shopify
103973,Exists in TradeZone but not in Shopify
98429,Exists in TradeZone but not in Shopify
35218,Exists in TradeZone but not in Shopify
91320,Exists in TradeZone but not in Shopify
89605,Exists in TradeZone but not in Shopify
98612,Exists in TradeZone but not in Shopify
94764,Exists in TradeZone but not in Shopify
82955,Exists in TradeZone but not in Shopify
93174,Exists in TradeZone but not in Shopify
109432,Exists in TradeZone but not in Shopify
88878,Exists in TradeZone but not in Shopify
89104,Exists in TradeZone but not in Shopify
91336,Exists in TradeZone but not in Shopify
109420,Exists in TradeZone but not in Shopify
108393,Exists in TradeZone but not in Shopify
91565,Exists in TradeZone but not in Shopify
96502,Exists in TradeZone but not in Shopify
105982,Exists in TradeZone but not in Shopify
85934,Exists in TradeZone but not in Shopify
89183,Exists in TradeZone but not in Shopify
85120,Exists in TradeZone but not in Shopify
98042,Exists in TradeZone but not in Shopify
106740,Exists in TradeZone but not in Shopify
21093,Exists in TradeZone but not in Shopify
99022,Exists in TradeZone but not in Shopify
89658,Exists in TradeZone but not in Shopify
85335,Exists in TradeZone but not in Shopify
16526,Exists in TradeZone but not in Shopify
20203,Exists in TradeZone but not in Shopify
75964,Exists in TradeZone but not in Shopify
16326,Exists in TradeZone but not in Shopify
86548,Exists in TradeZone but not in Shopify
95213,Exists in TradeZone but not in Shopify
101030,Exists in TradeZone but not in Shopify
25861,Exists in TradeZone but not in Shopify
108074,Exists in TradeZone but not in Shopify
25012,Exists in TradeZone but not in Shopify
16144,Exists in TradeZone but not in Shopify
98156,Exists in TradeZone but not in Shopify
94436,Exists in TradeZone but not in Shopify
106755,Exists in TradeZone but not in Shopify
32236,Exists in TradeZone but not in Shopify
13024,Exists in TradeZone but not in Shopify
96489,Exists in TradeZone but not in Shopify
80120,Exists in TradeZone but not in Shopify
80570,Exists in TradeZone but not in Shopify
90927,Exists in TradeZone but not in Shopify
15030,Exists in TradeZone but not in Shopify
100262,Exists in TradeZone but not in Shopify
80099,Exists in TradeZone but not in Shopify
21485,Exists in TradeZone but not in Shopify
105636,Exists in TradeZone but not in Shopify
16582,Exists in TradeZone but not in Shopify
92645,Exists in TradeZone but not in Shopify
95021,Exists in TradeZone but not in Shopify
100332,Exists in TradeZone but not in Shopify
86071,Exists in TradeZone but not in Shopify
82222,Exists in TradeZone but not in Shopify
102028,Exists in TradeZone but not in Shopify
102739,Exists in TradeZone but not in Shopify
21567,Exists in TradeZone but not in Shopify
96993,Exists in TradeZone but not in Shopify
21961,Exists in TradeZone but not in Shopify
104207,Exists in TradeZone but not in Shopify
26029,Exists in TradeZone but not in Shopify
81498,Exists in TradeZone but not in Shopify
97230,Exists in TradeZone but not in Shopify
10432,Exists in TradeZone but not in Shopify
10608,Exists in TradeZone but not in Shopify
100310,Exists in TradeZone but not in Shopify
94395,Exists in TradeZone but not in Shopify
98690,Exists in TradeZone but not in Shopify
89397,Exists in TradeZone but not in Shopify
101812,Exists in TradeZone but not in Shopify
38466,Exists in TradeZone but not in Shopify
75758,Exists in TradeZone but not in Shopify
29321,Exists in TradeZone but not in Shopify
89364,Exists in TradeZone but not in Shopify
36219,Exists in TradeZone but not in Shopify
102108,Exists in TradeZone but not in Shopify
36229,Exists in TradeZone but not in Shopify
82317,Exists in TradeZone but not in Shopify
87678,Exists in TradeZone but not in Shopify
16134,Exists in TradeZone but not in Shopify
26766,Exists in TradeZone but not in Shopify
92991,Exists in TradeZone but not in Shopify
85007,Exists in TradeZone but not in Shopify
22129,Exists in TradeZone but not in Shopify
96581,Exists in TradeZone but not in Shopify
76462,Exists in TradeZone but not in Shopify
98034,Exists in TradeZone but not in Shopify
99743,Exists in TradeZone but not in Shopify
96970,Exists in TradeZone but not in Shopify
13305,Exists in TradeZone but not in Shopify
108231,Exists in TradeZone but not in Shopify
108387,Exists in TradeZone but not in Shopify
99841,Exists in TradeZone but not in Shopify
11133,Exists in TradeZone but not in Shopify
23701,Exists in TradeZone but not in Shopify
102457,Exists in TradeZone but not in Shopify
102425,Exists in TradeZone but not in Shopify
81053,Exists in TradeZone but not in Shopify
87683,Exists in TradeZone but not in Shopify
105521,Exists in TradeZone but not in Shopify
94591,Exists in TradeZone but not in Shopify
15950,Exists in TradeZone but not in Shopify
20161,Exists in TradeZone but not in Shopify
92502,Exists in TradeZone but not in Shopify
23902,Exists in TradeZone but not in Shopify
82408,Exists in TradeZone but not in Shopify
89703,Exists in TradeZone but not in Shopify
11266,Exists in TradeZone but not in Shopify
102970,Exists in TradeZone but not in Shopify
15995,Exists in TradeZone but not in Shopify
10667,Exists in TradeZone but not in Shopify
26159,Exists in TradeZone but not in Shopify
86197,Exists in TradeZone but not in Shopify
85015,Exists in TradeZone but not in Shopify
106298,Exists in TradeZone but not in Shopify
97335,Exists in TradeZone but not in Shopify
100038,Exists in TradeZone but not in Shopify
101086,Exists in TradeZone but not in Shopify
102394,Exists in TradeZone but not in Shopify
19831,Exists in TradeZone but not in Shopify
102962,Exists in TradeZone but not in Shopify
105555,Exists in TradeZone but not in Shopify
84907,Exists in TradeZone but not in Shopify
91531,Exists in TradeZone but not in Shopify
107306,Exists in TradeZone but not in Shopify
103093,Exists in TradeZone but not in Shopify
102298,Exists in TradeZone but not in Shopify
104090,Exists in TradeZone but not in Shopify
89901,Exists in TradeZone but not in Shopify
10681,Exists in TradeZone but not in Shopify
75790,Exists in TradeZone but not in Shopify
24960,Exists in TradeZone but not in Shopify
92997,Exists in TradeZone but not in Shopify
26955,Exists in TradeZone but not in Shopify
15818,Exists in TradeZone but not in Shopify
81448,Exists in TradeZone but not in Shopify
96520,Exists in TradeZone but not in Shopify
99269,Exists in TradeZone but not in Shopify
107391,Exists in TradeZone but not in Shopify
109437,Exists in TradeZone but not in Shopify
89886,Exists in TradeZone but not in Shopify
105545,Exists in TradeZone but not in Shopify
105631,Exists in TradeZone but not in Shopify
84316,Exists in TradeZone but not in Shopify
78403,Exists in TradeZone but not in Shopify
78807,Exists in TradeZone but not in Shopify
103400,Exists in TradeZone but not in Shopify
23712,Exists in TradeZone but not in Shopify
19527,Exists in TradeZone but not in Shopify
92874,Exists in TradeZone but not in Shopify
107708,Exists in TradeZone but not in Shopify
75545,Exists in TradeZone but not in Shopify
94951,Exists in TradeZone but not in Shopify
98352,Exists in TradeZone but not in Shopify
97643,Exists in TradeZone but not in Shopify
84788,Exists in TradeZone but not in Shopify
103962,Exists in TradeZone but not in Shopify
93400,Exists in TradeZone but not in Shopify
80275,Exists in TradeZone but not in Shopify
14183,Exists in TradeZone but not in Shopify
83035,Exists in TradeZone but not in Shopify
90242,Exists in TradeZone but not in Shopify
108378,Exists in TradeZone but not in Shopify
35156,Exists in TradeZone but not in Shopify
94348,Exists in TradeZone but not in Shopify
98306,Exists in TradeZone but not in Shopify
94221,Exists in TradeZone but not in Shopify
96560,Exists in TradeZone but not in Shopify
19822,Exists in TradeZone but not in Shopify
90313,Exists in TradeZone but not in Shopify
99659,Exists in TradeZone but not in Shopify
100251,Exists in TradeZone but not in Shopify
13445,Exists in TradeZone but not in Shopify
101397,Exists in TradeZone but not in Shopify
101136,Exists in TradeZone but not in Shopify
97536,Exists in TradeZone but not in Shopify
107652,Exists in TradeZone but not in Shopify
100498,Exists in TradeZone but not in Shopify
106186,Exists in TradeZone but not in Shopify
82416,Exists in TradeZone but not in Shopify
94431,Exists in TradeZone but not in Shopify
21126,Exists in TradeZone but not in Shopify
103196,Exists in TradeZone but not in Shopify
104383,Exists in TradeZone but not in Shopify
105927,Exists in TradeZone but not in Shopify
29757,Exists in TradeZone but not in Shopify
90880,Exists in TradeZone but not in Shopify
84403,Exists in TradeZone but not in Shopify
90855,Exists in TradeZone but not in Shopify
76133,Exists in TradeZone but not in Shopify
10703,Exists in TradeZone but not in Shopify
12092,Exists in TradeZone but not in Shopify
77705,Exists in TradeZone but not in Shopify
107471,Exists in TradeZone but not in Shopify
98557,Exists in TradeZone but not in Shopify
106408,Exists in TradeZone but not in Shopify
79770,Exists in TradeZone but not in Shopify
23495,Exists in TradeZone but not in Shopify
106764,Exists in TradeZone but not in Shopify
103642,Exists in TradeZone but not in Shopify
95326,Exists in TradeZone but not in Shopify
31150,Exists in TradeZone but not in Shopify
93680,Exists in TradeZone but not in Shopify
25574,Exists in TradeZone but not in Shopify
75565,Exists in TradeZone but not in Shopify
109427,Exists in TradeZone but not in Shopify
13214,Exists in TradeZone but not in Shopify
10557,Exists in TradeZone but not in Shopify
85764,Exists in TradeZone but not in Shopify
35319,Exists in TradeZone but not in Shopify
20667,Exists in TradeZone but not in Shopify
84651,Exists in TradeZone but not in Shopify
90394,Exists in TradeZone but not in Shopify
78005,Exists in TradeZone but not in Shopify
22214,Exists in TradeZone but not in Shopify
38408,Exists in TradeZone but not in Shopify
101806,Exists in TradeZone but not in Shopify
100062,Exists in TradeZone but not in Shopify
94360,Exists in TradeZone but not in Shopify
23382,Exists in TradeZone but not in Shopify
41822,Exists in TradeZone but not in Shopify
82436,Exists in TradeZone but not in Shopify
102036,Exists in TradeZone but not in Shopify
31910,Exists in TradeZone but not in Shopify
96626,Exists in TradeZone but not in Shopify
98456,Exists in TradeZone but not in Shopify
11784,Exists in TradeZone but not in Shopify
83252,Exists in TradeZone but not in Shopify
94046,Exists in TradeZone but not in Shopify
86788,Exists in TradeZone but not in Shopify
85990,Exists in TradeZone but not in Shopify
24993,Exists in TradeZone but not in Shopify
102385,Exists in TradeZone but not in Shopify
10604,Exists in TradeZone but not in Shopify
105571,Exists in TradeZone but not in Shopify
100777,Exists in TradeZone but not in Shopify
101956,Exists in TradeZone but not in Shopify
88723,Exists in TradeZone but not in Shopify
100013,Exists in TradeZone but not in Shopify
24065,Exists in TradeZone but not in Shopify
85949,Exists in TradeZone but not in Shopify
94049,Exists in TradeZone but not in Shopify
108246,Exists in TradeZone but not in Shopify
76165,Exists in TradeZone but not in Shopify
86806,Exists in TradeZone but not in Shopify
84498,Exists in TradeZone but not in Shopify
23699,Exists in TradeZone but not in Shopify
104768,Exists in TradeZone but not in Shopify
102767,Exists in TradeZone but not in Shopify
90783,Exists in TradeZone but not in Shopify
83577,Exists in TradeZone but not in Shopify
93131,Exists in TradeZone but not in Shopify
92940,Exists in TradeZone but not in Shopify
98449,Exists in TradeZone but not in Shopify
106006,Exists in TradeZone but not in Shopify
108684,Exists in TradeZone but not in Shopify
82852,Exists in TradeZone but not in Shopify
14556,Exists in TradeZone but not in Shopify
10110,Exists in TradeZone but not in Shopify
91327,Exists in TradeZone but not in Shopify
14955,Exists in TradeZone but not in Shopify
11993,Exists in TradeZone but not in Shopify
24669,Exists in TradeZone but not in Shopify
106071,Exists in TradeZone but not in Shopify
106499,Exists in TradeZone but not in Shopify
93591,Exists in TradeZone but not in Shopify
95140,Exists in TradeZone but not in Shopify
23317,Exists in TradeZone but not in Shopify
99313,Exists in TradeZone but not in Shopify
88646,Exists in TradeZone but not in Shopify
101172,Exists in TradeZone but not in Shopify
38455,Exists in TradeZone but not in Shopify
102732,Exists in TradeZone but not in Shopify
48008,Exists in TradeZone but not in Shopify
103180,Exists in TradeZone but not in Shopify
102166,Exists in TradeZone but not in Shopify
98922,Exists in TradeZone but not in Shopify
92117,Exists in TradeZone but not in Shopify
25376,Exists in TradeZone but not in Shopify
94469,Exists in TradeZone but not in Shopify
17984,Exists in TradeZone but not in Shopify
18203,Exists in TradeZone but not in Shopify
94944,Exists in TradeZone but not in Shopify
98543,Exists in TradeZone but not in Shopify
25948,Exists in TradeZone but not in Shopify
86212,Exists in TradeZone but not in Shopify
103142,Exists in TradeZone but not in Shopify
97929,Exists in TradeZone but not in Shopify
22464,Exists in TradeZone but not in Shopify
32961,Exists in TradeZone but not in Shopify
108765,Exists in TradeZone but not in Shopify
86885,Exists in TradeZone but not in Shopify
97296,Exists in TradeZone but not in Shopify
10589,Exists in TradeZone but not in Shopify
95944,Exists in TradeZone but not in Shopify
106189,Exists in TradeZone but not in Shopify
94488,Exists in TradeZone but not in Shopify
13460,Exists in TradeZone but not in Shopify
102328,Exists in TradeZone but not in Shopify
98700,Exists in TradeZone but not in Shopify
94432,Exists in TradeZone but not in Shopify
107195,Exists in TradeZone but not in Shopify
26095,Exists in TradeZone but not in Shopify
78887,Exists in TradeZone but not in Shopify
32194,Exists in TradeZone but not in Shopify
75768,Exists in TradeZone but not in Shopify
77026,Exists in TradeZone but not in Shopify
102610,Exists in TradeZone but not in Shopify
77356,Exists in TradeZone but not in Shopify
108360,Exists in TradeZone but not in Shopify
24179,Exists in TradeZone but not in Shopify
101711,Exists in TradeZone but not in Shopify
75629,Exists in TradeZone but not in Shopify
103972,Exists in TradeZone but not in Shopify
21523,Exists in TradeZone but not in Shopify
95721,Exists in TradeZone but not in Shopify
105330,Exists in TradeZone but not in Shopify
76798,Exists in TradeZone but not in Shopify
101807,Exists in TradeZone but not in Shopify
20670,Exists in TradeZone but not in Shopify
94294,Exists in TradeZone but not in Shopify
89045,Exists in TradeZone but not in Shopify
21933,Exists in TradeZone but not in Shopify
100880,Exists in TradeZone but not in Shopify
101046,Exists in TradeZone but not in Shopify
84404,Exists in TradeZone but not in Shopify
76014,Exists in TradeZone but not in Shopify
19515,Exists in TradeZone but not in Shopify
99929,Exists in TradeZone but not in Shopify
31100,Exists in TradeZone but not in Shopify
11898,Exists in TradeZone but not in Shopify
22127,Exists in TradeZone but not in Shopify
98075,Exists in TradeZone but not in Shopify
20756,Exists in TradeZone but not in Shopify
102446,Exists in TradeZone but not in Shopify
100160,Exists in TradeZone but not in Shopify
85252,Exists in TradeZone but not in Shopify
90597,Exists in TradeZone but not in Shopify
22950,Exists in TradeZone but not in Shopify
98292,Exists in TradeZone but not in Shopify
75136,Exists in TradeZone but not in Shopify
79653,Exists in TradeZone but not in Shopify
100840,Exists in TradeZone but not in Shopify
94971,Exists in TradeZone but not in Shopify
82158,Exists in TradeZone but not in Shopify
83630,Exists in TradeZone but not in Shopify
13476,Exists in TradeZone but not in Shopify
86555,Exists in TradeZone but not in Shopify
93054,Exists in TradeZone but not in Shopify
35392,Exists in TradeZone but not in Shopify
29791,Exists in TradeZone but not in Shopify
79611,Exists in TradeZone but not in Shopify
75549,Exists in TradeZone but not in Shopify
105379,Exists in TradeZone but not in Shopify
82717,Exists in TradeZone but not in Shopify
93417,Exists in TradeZone but not in Shopify
91897,Exists in TradeZone but not in Shopify
94233,Exists in TradeZone but not in Shopify
97755,Exists in TradeZone but not in Shopify
83768,Exists in TradeZone but not in Shopify
87728,Exists in TradeZone but not in Shopify
103499,Exists in TradeZone but not in Shopify
85277,Exists in TradeZone but not in Shopify
75543,Exists in TradeZone but not in Shopify
102558,Exists in TradeZone but not in Shopify
96984,Exists in TradeZone but not in Shopify
102926,Exists in TradeZone but not in Shopify
76724,Exists in TradeZone but not in Shopify
98861,Exists in TradeZone but not in Shopify
86236,Exists in TradeZone but not in Shopify
84343,Exists in TradeZone but not in Shopify
109364,Exists in TradeZone but not in Shopify
106470,Exists in TradeZone but not in Shopify
10631,Exists in TradeZone but not in Shopify
21657,Exists in TradeZone but not in Shopify
93849,Exists in TradeZone but not in Shopify
90441,Exists in TradeZone but not in Shopify
24292,Exists in TradeZone but not in Shopify
104560,Exists in TradeZone but not in Shopify
25373,Exists in TradeZone but not in Shopify
75390,Exists in TradeZone but not in Shopify
81273,Exists in TradeZone but not in Shopify
103477,Exists in TradeZone but not in Shopify
90241,Exists in TradeZone but not in Shopify
76630,Exists in TradeZone but not in Shopify
100276,Exists in TradeZone but not in Shopify
103202,Exists in TradeZone but not in Shopify
19802,Exists in TradeZone but not in Shopify
98024,Exists in TradeZone but not in Shopify
29559,Exists in TradeZone but not in Shopify
23369,Exists in TradeZone but not in Shopify
88268,Exists in TradeZone but not in Shopify
101908,Exists in TradeZone but not in Shopify
94438,Exists in TradeZone but not in Shopify
104411,Exists in TradeZone but not in Shopify
76210,Exists in TradeZone but not in Shopify
83412,Exists in TradeZone but not in Shopify
101879,Exists in TradeZone but not in Shopify
109276,Exists in TradeZone but not in Shopify
85923,Exists in TradeZone but not in Shopify
92772,Exists in TradeZone but not in Shopify
31470,Exists in TradeZone but not in Shopify
35303,Exists in TradeZone but not in Shopify
83835,Exists in TradeZone but not in Shopify
23660,Exists in TradeZone but not in Shopify
22378,Exists in TradeZone but not in Shopify
16324,Exists in TradeZone but not in Shopify
91223,Exists in TradeZone but not in Shopify
101160,Exists in TradeZone but not in Shopify
84354,Exists in TradeZone but not in Shopify
80896,Exists in TradeZone but not in Shopify
85338,Exists in TradeZone but not in Shopify
90431,Exists in TradeZone but not in Shopify
93557,Exists in TradeZone but not in Shopify
93038,Exists in TradeZone but not in Shopify
108915,Exists in TradeZone but not in Shopify
62988,Exists in TradeZone but not in Shopify
16254,Exists in TradeZone but not in Shopify
31923,Exists in TradeZone but not in Shopify
109521,Exists in TradeZone but not in Shopify
90886,Exists in TradeZone but not in Shopify
97060,Exists in TradeZone but not in Shopify
30563,Exists in TradeZone but not in Shopify
75326,Exists in TradeZone but not in Shopify
96736,Exists in TradeZone but not in Shopify
108404,Exists in TradeZone but not in Shopify
20168,Exists in TradeZone but not in Shopify
26672,Exists in TradeZone but not in Shopify
97940,Exists in TradeZone but not in Shopify
31215,Exists in TradeZone but not in Shopify
102651,Exists in TradeZone but not in Shopify
106685,Exists in TradeZone but not in Shopify
80915,Exists in TradeZone but not in Shopify
75138,Exists in TradeZone but not in Shopify
89887,Exists in TradeZone but not in Shopify
75719,Exists in TradeZone but not in Shopify
91115,Exists in TradeZone but not in Shopify
88604,Exists in TradeZone but not in Shopify
26921,Exists in TradeZone but not in Shopify
21927,Exists in TradeZone but not in Shopify
95919,Exists in TradeZone but not in Shopify
95533,Exists in TradeZone but not in Shopify
92061,Exists in TradeZone but not in Shopify
38580,Exists in TradeZone but not in Shopify
15940,Exists in TradeZone but not in Shopify
106711,Exists in TradeZone but not in Shopify
11111,Exists in TradeZone but not in Shopify
93777,Exists in TradeZone but not in Shopify
103495,Exists in TradeZone but not in Shopify
107230,Exists in TradeZone but not in Shopify
90136,Exists in TradeZone but not in Shopify
107617,Exists in TradeZone but not in Shopify
76891,Exists in TradeZone but not in Shopify
97667,Exists in TradeZone but not in Shopify
76492,Exists in TradeZone but not in Shopify
89242,Exists in TradeZone but not in Shopify
102638,Exists in TradeZone but not in Shopify
92139,Exists in TradeZone but not in Shopify
95953,Exists in TradeZone but not in Shopify
14619,Exists in TradeZone but not in Shopify
75416,Exists in TradeZone but not in Shopify
98415,Exists in TradeZone but not in Shopify
93917,Exists in TradeZone but not in Shopify
98909,Exists in TradeZone but not in Shopify
83546,Exists in TradeZone but not in Shopify
94605,Exists in TradeZone but not in Shopify
91899,Exists in TradeZone but not in Shopify
89590,Exists in TradeZone but not in Shopify
99303,Exists in TradeZone but not in Shopify
76632,Exists in TradeZone but not in Shopify
33026,Exists in TradeZone but not in Shopify
76497,Exists in TradeZone but not in Shopify
19925,Exists in TradeZone but not in Shopify
103720,Exists in TradeZone but not in Shopify
108776,Exists in TradeZone but not in Shopify
14618,Exists in TradeZone but not in Shopify
82197,Exists in TradeZone but not in Shopify
24432,Exists in TradeZone but not in Shopify
106188,Exists in TradeZone but not in Shopify
95226,Exists in TradeZone but not in Shopify
97339,Exists in TradeZone but not in Shopify
98657,Exists in TradeZone but not in Shopify
104998,Exists in TradeZone but not in Shopify
13057,Exists in TradeZone but not in Shopify
15809,Exists in TradeZone but not in Shopify
38451,Exists in TradeZone but not in Shopify
85555,Exists in TradeZone but not in Shopify
15011,Exists in TradeZone but not in Shopify
89401,Exists in TradeZone but not in Shopify
99934,Exists in TradeZone but not in Shopify
100041,Exists in TradeZone but not in Shopify
87387,Exists in TradeZone but not in Shopify
30947,Exists in TradeZone but not in Shopify
104475,Exists in TradeZone but not in Shopify
97236,Exists in TradeZone but not in Shopify
86428,Exists in TradeZone but not in Shopify
20568,Exists in TradeZone but not in Shopify
92865,Exists in TradeZone but not in Shopify
108220,Exists in TradeZone but not in Shopify
89604,Exists in TradeZone but not in Shopify
10087,Exists in TradeZone but not in Shopify
106851,Exists in TradeZone but not in Shopify
88514,Exists in TradeZone but not in Shopify
101966,Exists in TradeZone but not in Shopify
75631,Exists in TradeZone but not in Shopify
19852,Exists in TradeZone but not in Shopify
100768,Exists in TradeZone but not in Shopify
92334,Exists in TradeZone but not in Shopify
97592,Exists in TradeZone but not in Shopify
96727,Exists in TradeZone but not in Shopify
100130,Exists in TradeZone but not in Shopify
93670,Exists in TradeZone but not in Shopify
27210,Exists in TradeZone but not in Shopify
88908,Exists in TradeZone but not in Shopify
105869,Exists in TradeZone but not in Shopify
89356,Exists in TradeZone but not in Shopify
96961,Exists in TradeZone but not in Shopify
95414,Exists in TradeZone but not in Shopify
78684,Exists in TradeZone but not in Shopify
104728,Exists in TradeZone but not in Shopify
19794,Exists in TradeZone but not in Shopify
92373,Exists in TradeZone but not in Shopify
21256,Exists in TradeZone but not in Shopify
10680,Exists in TradeZone but not in Shopify
14723,Exists in TradeZone but not in Shopify
77150,Exists in TradeZone but not in Shopify
104589,Exists in TradeZone but not in Shopify
106349,Exists in TradeZone but not in Shopify
83338,Exists in TradeZone but not in Shopify
90226,Exists in TradeZone but not in Shopify
25846,Exists in TradeZone but not in Shopify
75679,Exists in TradeZone but not in Shopify
106806,Exists in TradeZone but not in Shopify
90550,Exists in TradeZone but not in Shopify
87264,Exists in TradeZone but not in Shopify
33184,Exists in TradeZone but not in Shopify
88999,Exists in TradeZone but not in Shopify
22951,Exists in TradeZone but not in Shopify
96539,Exists in TradeZone but not in Shopify
89893,Exists in TradeZone but not in Shopify
90332,Exists in TradeZone but not in Shopify
100012,Exists in TradeZone but not in Shopify
103648,Exists in TradeZone but not in Shopify
104100,Exists in TradeZone but not in Shopify
90944,Exists in TradeZone but not in Shopify
25940,Exists in TradeZone but not in Shopify
101869,Exists in TradeZone but not in Shopify
76796,Exists in TradeZone but not in Shopify
10073,Exists in TradeZone but not in Shopify
105378,Exists in TradeZone but not in Shopify
23111,Exists in TradeZone but not in Shopify
23503,Exists in TradeZone but not in Shopify
20653,Exists in TradeZone but not in Shopify
103424,Exists in TradeZone but not in Shopify
103160,Exists in TradeZone but not in Shopify
25965,Exists in TradeZone but not in Shopify
18019,Exists in TradeZone but not in Shopify
102439,Exists in TradeZone but not in Shopify
104808,Exists in TradeZone but not in Shopify
79872,Exists in TradeZone but not in Shopify
93887,Exists in TradeZone but not in Shopify
15309,Exists in TradeZone but not in Shopify
17982,Exists in TradeZone but not in Shopify
84889,Exists in TradeZone but not in Shopify
106796,Exists in TradeZone but not in Shopify
82271,Exists in TradeZone but not in Shopify
106885,Exists in TradeZone but not in Shopify
21970,Exists in TradeZone but not in Shopify
78774,Exists in TradeZone but not in Shopify
13196,Exists in TradeZone but not in Shopify
105566,Exists in TradeZone but not in Shopify
100953,Exists in TradeZone but not in Shopify
75508,Exists in TradeZone but not in Shopify
98361,Exists in TradeZone but not in Shopify
107346,Exists in TradeZone but not in Shopify
100106,Exists in TradeZone but not in Shopify
19268,Exists in TradeZone but not in Shopify
77016,Exists in TradeZone but not in Shopify
102503,Exists in TradeZone but not in Shopify
106559,Exists in TradeZone but not in Shopify
10085,Exists in TradeZone but not in Shopify
95947,Exists in TradeZone but not in Shopify
109517,Exists in TradeZone but not in Shopify
19405,Exists in TradeZone but not in Shopify
49271,Exists in TradeZone but not in Shopify
93897,Exists in TradeZone but not in Shopify
104141,Exists in TradeZone but not in Shopify
108464,Exists in TradeZone but not in Shopify
24192,Exists in TradeZone but not in Shopify
102271,Exists in TradeZone but not in Shopify
79320,Exists in TradeZone but not in Shopify
105508,Exists in TradeZone but not in Shopify
69620,Exists in TradeZone but not in Shopify
87882,Exists in TradeZone but not in Shopify
22208,Exists in TradeZone but not in Shopify
49275,Exists in TradeZone but not in Shopify
104286,Exists in TradeZone but not in Shopify
104236,Exists in TradeZone but not in Shopify
32511,Exists in TradeZone but not in Shopify
106718,Exists in TradeZone but not in Shopify
10672,Exists in TradeZone but not in Shopify
93890,Exists in TradeZone but not in Shopify
95218,Exists in TradeZone but not in Shopify
95339,Exists in TradeZone but not in Shopify
100760,Exists in TradeZone but not in Shopify
94203,Exists in TradeZone but not in Shopify
92873,Exists in TradeZone but not in Shopify
90407,Exists in TradeZone but not in Shopify
103476,Exists in TradeZone but not in Shopify
23732,Exists in TradeZone but not in Shopify
23037,Exists in TradeZone but not in Shopify
88505,Exists in TradeZone but not in Shopify
90911,Exists in TradeZone but not in Shopify
95287,Exists in TradeZone but not in Shopify
97313,Exists in TradeZone but not in Shopify
105410,Exists in TradeZone but not in Shopify
105045,Exists in TradeZone but not in Shopify
94785,Exists in TradeZone but not in Shopify
25134,Exists in TradeZone but not in Shopify
103693,Exists in TradeZone but not in Shopify
107500,Exists in TradeZone but not in Shopify
107057,Exists in TradeZone but not in Shopify
81267,Exists in TradeZone but not in Shopify
20638,Exists in TradeZone but not in Shopify
78291,Exists in TradeZone but not in Shopify
79774,Exists in TradeZone but not in Shopify
98453,Exists in TradeZone but not in Shopify
76510,Exists in TradeZone but not in Shopify
83082,Exists in TradeZone but not in Shopify
89354,Exists in TradeZone but not in Shopify
88595,Exists in TradeZone but not in Shopify
93956,Exists in TradeZone but not in Shopify
85757,Exists in TradeZone but not in Shopify
86784,Exists in TradeZone but not in Shopify
104986,Exists in TradeZone but not in Shopify
98171,Exists in TradeZone but not in Shopify
22231,Exists in TradeZone but not in Shopify
22792,Exists in TradeZone but not in Shopify
91310,Exists in TradeZone but not in Shopify
87465,Exists in TradeZone but not in Shopify
23533,Exists in TradeZone but not in Shopify
22033,Exists in TradeZone but not in Shopify
22098,Exists in TradeZone but not in Shopify
106374,Exists in TradeZone but not in Shopify
94571,Exists in TradeZone but not in Shopify
10651,Exists in TradeZone but not in Shopify
96725,Exists in TradeZone but not in Shopify
75760,Exists in TradeZone but not in Shopify
24422,Exists in TradeZone but not in Shopify
93856,Exists in TradeZone but not in Shopify
105038,Exists in TradeZone but not in Shopify
95538,Exists in TradeZone but not in Shopify
93992,Exists in TradeZone but not in Shopify
90265,Exists in TradeZone but not in Shopify
38516,Exists in TradeZone but not in Shopify
106468,Exists in TradeZone but not in Shopify
93327,Exists in TradeZone but not in Shopify
32673,Exists in TradeZone but not in Shopify
106029,Exists in TradeZone but not in Shopify
100839,Exists in TradeZone but not in Shopify
93587,Exists in TradeZone but not in Shopify
22495,Exists in TradeZone but not in Shopify
107808,Exists in TradeZone but not in Shopify
20644,Exists in TradeZone but not in Shopify
78308,Exists in TradeZone but not in Shopify
100309,Exists in TradeZone but not in Shopify
85345,Exists in TradeZone but not in Shopify
98121,Exists in TradeZone but not in Shopify
83976,Exists in TradeZone but not in Shopify
105661,Exists in TradeZone but not in Shopify
105831,Exists in TradeZone but not in Shopify
106446,Exists in TradeZone but not in Shopify
13651,Exists in TradeZone but not in Shopify
63465,Exists in TradeZone but not in Shopify
105072,Exists in TradeZone but not in Shopify
24087,Exists in TradeZone but not in Shopify
99434,Exists in TradeZone but not in Shopify
93452,Exists in TradeZone but not in Shopify
103256,Exists in TradeZone but not in Shopify
107134,Exists in TradeZone but not in Shopify
14023,Exists in TradeZone but not in Shopify
49046,Exists in TradeZone but not in Shopify
106660,Exists in TradeZone but not in Shopify
14218,Exists in TradeZone but not in Shopify
103134,Exists in TradeZone but not in Shopify
75170,Exists in TradeZone but not in Shopify
22211,Exists in TradeZone but not in Shopify
100966,Exists in TradeZone but not in Shopify
20166,Exists in TradeZone but not in Shopify
101076,Exists in TradeZone but not in Shopify
90954,Exists in TradeZone but not in Shopify
13598,Exists in TradeZone but not in Shopify
106677,Exists in TradeZone but not in Shopify
83963,Exists in TradeZone but not in Shopify
19792,Exists in TradeZone but not in Shopify
19655,Exists in TradeZone but not in Shopify
91271,Exists in TradeZone but not in Shopify
106163,Exists in TradeZone but not in Shopify
108527,Exists in TradeZone but not in Shopify
102954,Exists in TradeZone but not in Shopify
94868,Exists in TradeZone but not in Shopify
99746,Exists in TradeZone but not in Shopify
77461,Exists in TradeZone but not in Shopify
94873,Exists in TradeZone but not in Shopify
103133,Exists in TradeZone but not in Shopify
11913,Exists in TradeZone but not in Shopify
81648,Exists in TradeZone but not in Shopify
106550,Exists in TradeZone but not in Shopify
23631,Exists in TradeZone but not in Shopify
92863,Exists in TradeZone but not in Shopify
96823,Exists in TradeZone but not in Shopify
16329,Exists in TradeZone but not in Shopify
21664,Exists in TradeZone but not in Shopify
80579,Exists in TradeZone but not in Shopify
93367,Exists in TradeZone but not in Shopify
97239,Exists in TradeZone but not in Shopify
89746,Exists in TradeZone but not in Shopify
107497,Exists in TradeZone but not in Shopify
85918,Exists in TradeZone but not in Shopify
109484,Exists in TradeZone but not in Shopify
80580,Exists in TradeZone but not in Shopify
23348,Exists in TradeZone but not in Shopify
14199,Exists in TradeZone but not in Shopify
101734,Exists in TradeZone but not in Shopify
104814,Exists in TradeZone but not in Shopify
22134,Exists in TradeZone but not in Shopify
103191,Exists in TradeZone but not in Shopify
92599,Exists in TradeZone but not in Shopify
25813,Exists in TradeZone but not in Shopify
27097,Exists in TradeZone but not in Shopify
102357,Exists in TradeZone but not in Shopify
99015,Exists in TradeZone but not in Shopify
81575,Exists in TradeZone but not in Shopify
82131,Exists in TradeZone but not in Shopify
22780,Exists in TradeZone but not in Shopify
100334,Exists in TradeZone but not in Shopify
21806,Exists in TradeZone but not in Shopify
10054,Exists in TradeZone but not in Shopify
103958,Exists in TradeZone but not in Shopify
19929,Exists in TradeZone but not in Shopify
76912,Exists in TradeZone but not in Shopify
82925,Exists in TradeZone but not in Shopify
20317,Exists in TradeZone but not in Shopify
21710,Exists in TradeZone but not in Shopify
21932,Exists in TradeZone but not in Shopify
98945,Exists in TradeZone but not in Shopify
22462,Exists in TradeZone but not in Shopify
90279,Exists in TradeZone but not in Shopify
90829,Exists in TradeZone but not in Shopify
102174,Exists in TradeZone but not in Shopify
75548,Exists in TradeZone but not in Shopify
104740,Exists in TradeZone but not in Shopify
19582,Exists in TradeZone but not in Shopify
103679,Exists in TradeZone but not in Shopify
25648,Exists in TradeZone but not in Shopify
102339,Exists in TradeZone but not in Shopify
26599,Exists in TradeZone but not in Shopify
16807,Exists in TradeZone but not in Shopify
79129,Exists in TradeZone but not in Shopify
90293,Exists in TradeZone but not in Shopify
81894,Exists in TradeZone but not in Shopify
32231,Exists in TradeZone but not in Shopify
92813,Exists in TradeZone but not in Shopify
86557,Exists in TradeZone but not in Shopify
89250,Exists in TradeZone but not in Shopify
93643,Exists in TradeZone but not in Shopify
106239,Exists in TradeZone but not in Shopify
81271,Exists in TradeZone but not in Shopify
87131,Exists in TradeZone but not in Shopify
84944,Exists in TradeZone but not in Shopify
97681,Exists in TradeZone but not in Shopify
108514,Exists in TradeZone but not in Shopify
24118,Exists in TradeZone but not in Shopify
13714,Exists in TradeZone but not in Shopify
108909,Exists in TradeZone but not in Shopify
106111,Exists in TradeZone but not in Shopify
14759,Exists in TradeZone but not in Shopify
13434,Exists in TradeZone but not in Shopify
78711,Exists in TradeZone but not in Shopify
25547,Exists in TradeZone but not in Shopify
98684,Exists in TradeZone but not in Shopify
21999,Exists in TradeZone but not in Shopify
20232,Exists in TradeZone but not in Shopify
91307,Exists in TradeZone but not in Shopify
19191,Exists in TradeZone but not in Shopify
83868,Exists in TradeZone but not in Shopify
10058,Exists in TradeZone but not in Shopify
100559,Exists in TradeZone but not in Shopify
103650,Exists in TradeZone but not in Shopify
83513,Exists in TradeZone but not in Shopify
34065,Exists in TradeZone but not in Shopify
80025,Exists in TradeZone but not in Shopify
98963,Exists in TradeZone but not in Shopify
109226,Exists in TradeZone but not in Shopify
99600,Exists in TradeZone but not in Shopify
14700,Exists in TradeZone but not in Shopify
98059,Exists in TradeZone but not in Shopify
92287,Exists in TradeZone but not in Shopify
21686,Exists in TradeZone but not in Shopify
94952,Exists in TradeZone but not in Shopify
100260,Exists in TradeZone but not in Shopify
101709,Exists in TradeZone but not in Shopify
89064,Exists in TradeZone but not in Shopify
104821,Exists in TradeZone but not in Shopify
86565,Exists in TradeZone but not in Shopify
101695,Exists in TradeZone but not in Shopify
17774,Exists in TradeZone but not in Shopify
94961,Exists in TradeZone but not in Shopify
16313,Exists in TradeZone but not in Shopify
102580,Exists in TradeZone but not in Shopify
100445,Exists in TradeZone but not in Shopify
95141,Exists in TradeZone but not in Shopify
100681,Exists in TradeZone but not in Shopify
85942,Exists in TradeZone but not in Shopify
21754,Exists in TradeZone but not in Shopify
32503,Exists in TradeZone but not in Shopify
13745,Exists in TradeZone but not in Shopify
99442,Exists in TradeZone but not in Shopify
99899,Exists in TradeZone but not in Shopify
21134,Exists in TradeZone but not in Shopify
32748,Exists in TradeZone but not in Shopify
109412,Exists in TradeZone but not in Shopify
50526,Exists in TradeZone but not in Shopify
86265,Exists in TradeZone but not in Shopify
93871,Exists in TradeZone but not in Shopify
16302,Exists in TradeZone but not in Shopify
87205,Exists in TradeZone but not in Shopify
84410,Exists in TradeZone but not in Shopify
81515,Exists in TradeZone but not in Shopify
21861,Exists in TradeZone but not in Shopify
106500,Exists in TradeZone but not in Shopify
103689,Exists in TradeZone but not in Shopify
31481,Exists in TradeZone but not in Shopify
97450,Exists in TradeZone but not in Shopify
11859,Exists in TradeZone but not in Shopify
106962,Exists in TradeZone but not in Shopify
13702,Exists in TradeZone but not in Shopify
94694,Exists in TradeZone but not in Shopify
98094,Exists in TradeZone but not in Shopify
107198,Exists in TradeZone but not in Shopify
76445,Exists in TradeZone but not in Shopify
106614,Exists in TradeZone but not in Shopify
21926,Exists in TradeZone but not in Shopify
16199,Exists in TradeZone but not in Shopify
80547,Exists in TradeZone but not in Shopify
15849,Exists in TradeZone but not in Shopify
92654,Exists in TradeZone but not in Shopify
101614,Exists in TradeZone but not in Shopify
94690,Exists in TradeZone but not in Shopify
23684,Exists in TradeZone but not in Shopify
95554,Exists in TradeZone but not in Shopify
102571,Exists in TradeZone but not in Shopify
20720,Exists in TradeZone but not in Shopify
94451,Exists in TradeZone but not in Shopify
20625,Exists in TradeZone but not in Shopify
86295,Exists in TradeZone but not in Shopify
90088,Exists in TradeZone but not in Shopify
98452,Exists in TradeZone but not in Shopify
95675,Exists in TradeZone but not in Shopify
76835,Exists in TradeZone but not in Shopify
102597,Exists in TradeZone but not in Shopify
105016,Exists in TradeZone but not in Shopify
20634,Exists in TradeZone but not in Shopify
94789,Exists in TradeZone but not in Shopify
98133,Exists in TradeZone but not in Shopify
83785,Exists in TradeZone but not in Shopify
90428,Exists in TradeZone but not in Shopify
104160,Exists in TradeZone but not in Shopify
102804,Exists in TradeZone but not in Shopify
86634,Exists in TradeZone but not in Shopify
91509,Exists in TradeZone but not in Shopify
25335,Exists in TradeZone but not in Shopify
16367,Exists in TradeZone but not in Shopify
17855,Exists in TradeZone but not in Shopify
20902,Exists in TradeZone but not in Shopify
104751,Exists in TradeZone but not in Shopify
84709,Exists in TradeZone but not in Shopify
103718,Exists in TradeZone but not in Shopify
99025,Exists in TradeZone but not in Shopify
91288,Exists in TradeZone but not in Shopify
98461,Exists in TradeZone but not in Shopify
105888,Exists in TradeZone but not in Shopify
79990,Exists in TradeZone but not in Shopify
32360,Exists in TradeZone but not in Shopify
87418,Exists in TradeZone but not in Shopify
101865,Exists in TradeZone but not in Shopify
82375,Exists in TradeZone but not in Shopify
19333,Exists in TradeZone but not in Shopify
104714,Exists in TradeZone but not in Shopify
102427,Exists in TradeZone but not in Shopify
17775,Exists in TradeZone but not in Shopify
103860,Exists in TradeZone but not in Shopify
107970,Exists in TradeZone but not in Shopify
89024,Exists in TradeZone but not in Shopify
26997,Exists in TradeZone but not in Shopify
97321,Exists in TradeZone but not in Shopify
32266,Exists in TradeZone but not in Shopify
79795,Exists in TradeZone but not in Shopify
97234,Exists in TradeZone but not in Shopify
104673,Exists in TradeZone but not in Shopify
78398,Exists in TradeZone but not in Shopify
109295,Exists in TradeZone but not in Shopify
101276,Exists in TradeZone but not in Shopify
109290,Exists in TradeZone but not in Shopify
97351,Exists in TradeZone but not in Shopify
82860,Exists in TradeZone but not in Shopify
95646,Exists in TradeZone but not in Shopify
24175,Exists in TradeZone but not in Shopify
19048,Exists in TradeZone but not in Shopify
92538,Exists in TradeZone but not in Shopify
93136,Exists in TradeZone but not in Shopify
100086,Exists in TradeZone but not in Shopify
21499,Exists in TradeZone but not in Shopify
107707,Exists in TradeZone but not in Shopify
101572,Exists in TradeZone but not in Shopify
21160,Exists in TradeZone but not in Shopify
19061,Exists in TradeZone but not in Shopify
93649,Exists in TradeZone but not in Shopify
95791,Exists in TradeZone but not in Shopify
98579,Exists in TradeZone but not in Shopify
100182,Exists in TradeZone but not in Shopify
95170,Exists in TradeZone but not in Shopify
17157,Exists in TradeZone but not in Shopify
83073,Exists in TradeZone but not in Shopify
86403,Exists in TradeZone but not in Shopify
21792,Exists in TradeZone but not in Shopify
101485,Exists in TradeZone but not in Shopify
84078,Exists in TradeZone but not in Shopify
92119,Exists in TradeZone but not in Shopify
101727,Exists in TradeZone but not in Shopify
109690,Exists in TradeZone but not in Shopify
33009,Exists in TradeZone but not in Shopify
21896,Exists in TradeZone but not in Shopify
33127,Exists in TradeZone but not in Shopify
24776,Exists in TradeZone but not in Shopify
102395,Exists in TradeZone but not in Shopify
104327,Exists in TradeZone but not in Shopify
81789,Exists in TradeZone but not in Shopify
93376,Exists in TradeZone but not in Shopify
15798,Exists in TradeZone but not in Shopify
14605,Exists in TradeZone but not in Shopify
103003,Exists in TradeZone but not in Shopify
89395,Exists in TradeZone but not in Shopify
75401,Exists in TradeZone but not in Shopify
78365,Exists in TradeZone but not in Shopify
106292,Exists in TradeZone but not in Shopify
19393,Exists in TradeZone but not in Shopify
81721,Exists in TradeZone but not in Shopify
96545,Exists in TradeZone but not in Shopify
12572,Exists in TradeZone but not in Shopify
96573,Exists in TradeZone but not in Shopify
20631,Exists in TradeZone but not in Shopify
94946,Exists in TradeZone but not in Shopify
81825,Exists in TradeZone but not in Shopify
92998,Exists in TradeZone but not in Shopify
21467,Exists in TradeZone but not in Shopify
85095,Exists in TradeZone but not in Shopify
105887,Exists in TradeZone but not in Shopify
107667,Exists in TradeZone but not in Shopify
23316,Exists in TradeZone but not in Shopify
105338,Exists in TradeZone but not in Shopify
85978,Exists in TradeZone but not in Shopify
81192,Exists in TradeZone but not in Shopify
85974,Exists in TradeZone but not in Shopify
19184,Exists in TradeZone but not in Shopify
105563,Exists in TradeZone but not in Shopify
84458,Exists in TradeZone but not in Shopify
107873,Exists in TradeZone but not in Shopify
78638,Exists in TradeZone but not in Shopify
87291,Exists in TradeZone but not in Shopify
94685,Exists in TradeZone but not in Shopify
96992,Exists in TradeZone but not in Shopify
25944,Exists in TradeZone but not in Shopify
105859,Exists in TradeZone but not in Shopify
103190,Exists in TradeZone but not in Shopify
16833,Exists in TradeZone but not in Shopify
11896,Exists in TradeZone but not in Shopify
82438,Exists in TradeZone but not in Shopify
83754,Exists in TradeZone but not in Shopify
94608,Exists in TradeZone but not in Shopify
99728,Exists in TradeZone but not in Shopify
100481,Exists in TradeZone but not in Shopify
108109,Exists in TradeZone but not in Shopify
57255,Exists in TradeZone but not in Shopify
99450,Exists in TradeZone but not in Shopify
89023,Exists in TradeZone but not in Shopify
97729,Exists in TradeZone but not in Shopify
101998,Exists in TradeZone but not in Shopify
98062,Exists in TradeZone but not in Shopify
97481,Exists in TradeZone but not in Shopify
32350,Exists in TradeZone but not in Shopify
25837,Exists in TradeZone but not in Shopify
92060,Exists in TradeZone but not in Shopify
106396,Exists in TradeZone but not in Shopify
99250,Exists in TradeZone but not in Shopify
95803,Exists in TradeZone but not in Shopify
86441,Exists in TradeZone but not in Shopify
90174,Exists in TradeZone but not in Shopify
106543,Exists in TradeZone but not in Shopify
99102,Exists in TradeZone but not in Shopify
94557,Exists in TradeZone but not in Shopify
90053,Exists in TradeZone but not in Shopify
101044,Exists in TradeZone but not in Shopify
76836,Exists in TradeZone but not in Shopify
101343,Exists in TradeZone but not in Shopify
108104,Exists in TradeZone but not in Shopify
94413,Exists in TradeZone but not in Shopify
104012,Exists in TradeZone but not in Shopify
98523,Exists in TradeZone but not in Shopify
100688,Exists in TradeZone but not in Shopify
85758,Exists in TradeZone but not in Shopify
26112,Exists in TradeZone but not in Shopify
105968,Exists in TradeZone but not in Shopify
89191,Exists in TradeZone but not in Shopify
93650,Exists in TradeZone but not in Shopify
98294,Exists in TradeZone but not in Shopify
29138,Exists in TradeZone but not in Shopify
98401,Exists in TradeZone but not in Shopify
75560,Exists in TradeZone but not in Shopify
75736,Exists in TradeZone but not in Shopify
16633,Exists in TradeZone but not in Shopify
97220,Exists in TradeZone but not in Shopify
75860,Exists in TradeZone but not in Shopify
91888,Exists in TradeZone but not in Shopify
31586,Exists in TradeZone but not in Shopify
94607,Exists in TradeZone but not in Shopify
23705,Exists in TradeZone but not in Shopify
95425,Exists in TradeZone but not in Shopify
100977,Exists in TradeZone but not in Shopify
105650,Exists in TradeZone but not in Shopify
76326,Exists in TradeZone but not in Shopify
107467,Exists in TradeZone but not in Shopify
89130,Exists in TradeZone but not in Shopify
87298,Exists in TradeZone but not in Shopify
104170,Exists in TradeZone but not in Shopify
20584,Exists in TradeZone but not in Shopify
94426,Exists in TradeZone but not in Shopify
105240,Exists in TradeZone but not in Shopify
95761,Exists in TradeZone but not in Shopify
24227,Exists in TradeZone but not in Shopify
11706,Exists in TradeZone but not in Shopify
16400,Exists in TradeZone but not in Shopify
92826,Exists in TradeZone but not in Shopify
100203,Exists in TradeZone but not in Shopify
100807,Exists in TradeZone but not in Shopify
23344,Exists in TradeZone but not in Shopify
94153,Exists in TradeZone but not in Shopify
106243,Exists in TradeZone but not in Shopify
76302,Exists in TradeZone but not in Shopify
90291,Exists in TradeZone but not in Shopify
16083,Exists in TradeZone but not in Shopify
83782,Exists in TradeZone but not in Shopify
84095,Exists in TradeZone but not in Shopify
22452,Exists in TradeZone but not in Shopify
102502,Exists in TradeZone but not in Shopify
104813,Exists in TradeZone but not in Shopify
109422,Exists in TradeZone but not in Shopify
97381,Exists in TradeZone but not in Shopify
88051,Exists in TradeZone but not in Shopify
24591,Exists in TradeZone but not in Shopify
98588,Exists in TradeZone but not in Shopify
101102,Exists in TradeZone but not in Shopify
30567,Exists in TradeZone but not in Shopify
104929,Exists in TradeZone but not in Shopify
106439,Exists in TradeZone but not in Shopify
21930,Exists in TradeZone but not in Shopify
92241,Exists in TradeZone but not in Shopify
97834,Exists in TradeZone but not in Shopify
109471,Exists in TradeZone but not in Shopify
99870,Exists in TradeZone but not in Shopify
80353,Exists in TradeZone but not in Shopify
77088,Exists in TradeZone but not in Shopify
98402,Exists in TradeZone but not in Shopify
19917,Exists in TradeZone but not in Shopify
85743,Exists in TradeZone but not in Shopify
109140,Exists in TradeZone but not in Shopify
97923,Exists in TradeZone but not in Shopify
86551,Exists in TradeZone but not in Shopify
106056,Exists in TradeZone but not in Shopify
76470,Exists in TradeZone but not in Shopify
108085,Exists in TradeZone but not in Shopify
19805,Exists in TradeZone but not in Shopify
20218,Exists in TradeZone but not in Shopify
72981,Exists in TradeZone but not in Shopify
80842,Exists in TradeZone but not in Shopify
95796,Exists in TradeZone but not in Shopify
29490,Exists in TradeZone but not in Shopify
20594,Exists in TradeZone but not in Shopify
94600,Exists in TradeZone but not in Shopify
108631,Exists in TradeZone but not in Shopify
89124,Exists in TradeZone but not in Shopify
50410,Exists in TradeZone but not in Shopify
26907,Exists in TradeZone but not in Shopify
76474,Exists in TradeZone but not in Shopify
22149,Exists in TradeZone but not in Shopify
103337,Exists in TradeZone but not in Shopify
21722,Exists in TradeZone but not in Shopify
76469,Exists in TradeZone but not in Shopify
97839,Exists in TradeZone but not in Shopify
98235,Exists in TradeZone but not in Shopify
94477,Exists in TradeZone but not in Shopify
85062,Exists in TradeZone but not in Shopify
90781,Exists in TradeZone but not in Shopify
93124,Exists in TradeZone but not in Shopify
100069,Exists in TradeZone but not in Shopify
77412,Exists in TradeZone but not in Shopify
99327,Exists in TradeZone but not in Shopify
102472,Exists in TradeZone but not in Shopify
89400,Exists in TradeZone but not in Shopify
13721,Exists in TradeZone but not in Shopify
23039,Exists in TradeZone but not in Shopify
75801,Exists in TradeZone but not in Shopify
89739,Exists in TradeZone but not in Shopify
98501,Exists in TradeZone but not in Shopify
92464,Exists in TradeZone but not in Shopify
103056,Exists in TradeZone but not in Shopify
24058,Exists in TradeZone but not in Shopify
19575,Exists in TradeZone but not in Shopify
35191,Exists in TradeZone but not in Shopify
21149,Exists in TradeZone but not in Shopify
103184,Exists in TradeZone but not in Shopify
106647,Exists in TradeZone but not in Shopify
33126,Exists in TradeZone but not in Shopify
90326,Exists in TradeZone but not in Shopify
104743,Exists in TradeZone but not in Shopify
75829,Exists in TradeZone but not in Shopify
90780,Exists in TradeZone but not in Shopify
106295,Exists in TradeZone but not in Shopify
107900,Exists in TradeZone but not in Shopify
97938,Exists in TradeZone but not in Shopify
109575,Exists in TradeZone but not in Shopify
12407,Exists in TradeZone but not in Shopify
91296,Exists in TradeZone but not in Shopify
88727,Exists in TradeZone but not in Shopify
92644,Exists in TradeZone but not in Shopify
98834,Exists in TradeZone but not in Shopify
21923,Exists in TradeZone but not in Shopify
100686,Exists in TradeZone but not in Shopify
103807,Exists in TradeZone but not in Shopify
20273,Exists in TradeZone but not in Shopify
98219,Exists in TradeZone but not in Shopify
92909,Exists in TradeZone but not in Shopify
98019,Exists in TradeZone but not in Shopify
103174,Exists in TradeZone but not in Shopify
78264,Exists in TradeZone but not in Shopify
93730,Exists in TradeZone but not in Shopify
105822,Exists in TradeZone but not in Shopify
106994,Exists in TradeZone but not in Shopify
33811,Exists in TradeZone but not in Shopify
91886,Exists in TradeZone but not in Shopify
76701,Exists in TradeZone but not in Shopify
21773,Exists in TradeZone but not in Shopify
75763,Exists in TradeZone but not in Shopify
17931,Exists in TradeZone but not in Shopify
95012,Exists in TradeZone but not in Shopify
87209,Exists in TradeZone but not in Shopify
90795,Exists in TradeZone but not in Shopify
90138,Exists in TradeZone but not in Shopify
14692,Exists in TradeZone but not in Shopify
85832,Exists in TradeZone but not in Shopify
98436,Exists in TradeZone but not in Shopify
16211,Exists in TradeZone but not in Shopify
16504,Exists in TradeZone but not in Shopify
82949,Exists in TradeZone but not in Shopify
96599,Exists in TradeZone but not in Shopify
81319,Exists in TradeZone but not in Shopify
108613,Exists in TradeZone but not in Shopify
23484,Exists in TradeZone but not in Shopify
93308,Exists in TradeZone but not in Shopify
83788,Exists in TradeZone but not in Shopify
108632,Exists in TradeZone but not in Shopify
105336,Exists in TradeZone but not in Shopify
107373,Exists in TradeZone but not in Shopify
108520,Exists in TradeZone but not in Shopify
103407,Exists in TradeZone but not in Shopify
37215,Exists in TradeZone but not in Shopify
79021,Exists in TradeZone but not in Shopify
100938,Exists in TradeZone but not in Shopify
31873,Exists in TradeZone but not in Shopify
98585,Exists in TradeZone but not in Shopify
16345,Exists in TradeZone but not in Shopify
83685,Exists in TradeZone but not in Shopify
86490,Exists in TradeZone but not in Shopify
16022,Exists in TradeZone but not in Shopify
84866,Exists in TradeZone but not in Shopify
89896,Exists in TradeZone but not in Shopify
96896,Exists in TradeZone but not in Shopify
89971,Exists in TradeZone but not in Shopify
99141,Exists in TradeZone but not in Shopify
21239,Exists in TradeZone but not in Shopify
76770,Exists in TradeZone but not in Shopify
90903,Exists in TradeZone but not in Shopify
21781,Exists in TradeZone but not in Shopify
26038,Exists in TradeZone but not in Shopify
24264,Exists in TradeZone but not in Shopify
90359,Exists in TradeZone but not in Shopify
19665,Exists in TradeZone but not in Shopify
23354,Exists in TradeZone but not in Shopify
93195,Exists in TradeZone but not in Shopify
84319,Exists in TradeZone but not in Shopify
78780,Exists in TradeZone but not in Shopify
63491,Exists in TradeZone but not in Shopify
13743,Exists in TradeZone but not in Shopify
91099,Exists in TradeZone but not in Shopify
81210,Exists in TradeZone but not in Shopify
101141,Exists in TradeZone but not in Shopify
93819,Exists in TradeZone but not in Shopify
78451,Exists in TradeZone but not in Shopify
98451,Exists in TradeZone but not in Shopify
88959,Exists in TradeZone but not in Shopify
31006,Exists in TradeZone but not in Shopify
96534,Exists in TradeZone but not in Shopify
106184,Exists in TradeZone but not in Shopify
77476,Exists in TradeZone but not in Shopify
107486,Exists in TradeZone but not in Shopify
98213,Exists in TradeZone but not in Shopify
23934,Exists in TradeZone but not in Shopify
20334,Exists in TradeZone but not in Shopify
75777,Exists in TradeZone but not in Shopify
93380,Exists in TradeZone but not in Shopify
91139,Exists in TradeZone but not in Shopify
93826,Exists in TradeZone but not in Shopify
108373,Exists in TradeZone but not in Shopify
91742,Exists in TradeZone but not in Shopify
101895,Exists in TradeZone but not in Shopify
11281,Exists in TradeZone but not in Shopify
102470,Exists in TradeZone but not in Shopify
29433,Exists in TradeZone but not in Shopify
75668,Exists in TradeZone but not in Shopify
92337,Exists in TradeZone but not in Shopify
21845,Exists in TradeZone but not in Shopify
102603,Exists in TradeZone but not in Shopify
105872,Exists in TradeZone but not in Shopify
18042,Exists in TradeZone but not in Shopify
14288,Exists in TradeZone but not in Shopify
32254,Exists in TradeZone but not in Shopify
98236,Exists in TradeZone but not in Shopify
95627,Exists in TradeZone but not in Shopify
89113,Exists in TradeZone but not in Shopify
91322,Exists in TradeZone but not in Shopify
85940,Exists in TradeZone but not in Shopify
106727,Exists in TradeZone but not in Shopify
93057,Exists in TradeZone but not in Shopify
84406,Exists in TradeZone but not in Shopify
31399,Exists in TradeZone but not in Shopify
94170,Exists in TradeZone but not in Shopify
28138,Exists in TradeZone but not in Shopify
77362,Exists in TradeZone but not in Shopify
84526,Exists in TradeZone but not in Shopify
92628,Exists in TradeZone but not in Shopify
106105,Exists in TradeZone but not in Shopify
94450,Exists in TradeZone but not in Shopify
92658,Exists in TradeZone but not in Shopify
22174,Exists in TradeZone but not in Shopify
98223,Exists in TradeZone but not in Shopify
101585,Exists in TradeZone but not in Shopify
105558,Exists in TradeZone but not in Shopify
103156,Exists in TradeZone but not in Shopify
23364,Exists in TradeZone but not in Shopify
103292,Exists in TradeZone but not in Shopify
20129,Exists in TradeZone but not in Shopify
108538,Exists in TradeZone but not in Shopify
88813,Exists in TradeZone but not in Shopify
95177,Exists in TradeZone but not in Shopify
106027,Exists in TradeZone but not in Shopify
106042,Exists in TradeZone but not in Shopify
90096,Exists in TradeZone but not in Shopify
26925,Exists in TradeZone but not in Shopify
96693,Exists in TradeZone but not in Shopify
85012,Exists in TradeZone but not in Shopify
16250,Exists in TradeZone but not in Shopify
17727,Exists in TradeZone but not in Shopify
19874,Exists in TradeZone but not in Shopify
92860,Exists in TradeZone but not in Shopify
77469,Exists in TradeZone but not in Shopify
10079,Exists in TradeZone but not in Shopify
95496,Exists in TradeZone but not in Shopify
16787,Exists in TradeZone but not in Shopify
20275,Exists in TradeZone but not in Shopify
93827,Exists in TradeZone but not in Shopify
99887,Exists in TradeZone but not in Shopify
106076,Exists in TradeZone but not in Shopify
94503,Exists in TradeZone but not in Shopify
102351,Exists in TradeZone but not in Shopify
103722,Exists in TradeZone but not in Shopify
106674,Exists in TradeZone but not in Shopify
109722,Exists in TradeZone but not in Shopify
103161,Exists in TradeZone but not in Shopify
23936,Exists in TradeZone but not in Shopify
91050,Exists in TradeZone but not in Shopify
93789,Exists in TradeZone but not in Shopify
91259,Exists in TradeZone but not in Shopify
63499,Exists in TradeZone but not in Shopify
87784,Exists in TradeZone but not in Shopify
89241,Exists in TradeZone but not in Shopify
92540,Exists in TradeZone but not in Shopify
99727,Exists in TradeZone but not in Shopify
26918,Exists in TradeZone but not in Shopify
103038,Exists in TradeZone but not in Shopify
91002,Exists in TradeZone but not in Shopify
105327,Exists in TradeZone but not in Shopify
75159,Exists in TradeZone but not in Shopify
84508,Exists in TradeZone but not in Shopify
87316,Exists in TradeZone but not in Shopify
100141,Exists in TradeZone but not in Shopify
10547,Exists in TradeZone but not in Shopify
107345,Exists in TradeZone but not in Shopify
91340,Exists in TradeZone but not in Shopify
96791,Exists in TradeZone but not in Shopify
64161,Exists in TradeZone but not in Shopify
94568,Exists in TradeZone but not in Shopify
95794,Exists in TradeZone but not in Shopify
98463,Exists in TradeZone but not in Shopify
79218,Exists in TradeZone but not in Shopify
102082,Exists in TradeZone but not in Shopify
10040,Exists in TradeZone but not in Shopify
104614,Exists in TradeZone but not in Shopify
76550,Exists in TradeZone but not in Shopify
98630,Exists in TradeZone but not in Shopify
107727,Exists in TradeZone but not in Shopify
109519,Exists in TradeZone but not in Shopify
85766,Exists in TradeZone but not in Shopify
91063,Exists in TradeZone but not in Shopify
19868,Exists in TradeZone but not in Shopify
104593,Exists in TradeZone but not in Shopify
103050,Exists in TradeZone but not in Shopify
90670,Exists in TradeZone but not in Shopify
91165,Exists in TradeZone but not in Shopify
20621,Exists in TradeZone but not in Shopify
95957,Exists in TradeZone but not in Shopify
98069,Exists in TradeZone but not in Shopify
92621,Exists in TradeZone but not in Shopify
92811,Exists in TradeZone but not in Shopify
89229,Exists in TradeZone but not in Shopify
21687,Exists in TradeZone but not in Shopify
13758,Exists in TradeZone but not in Shopify
13719,Exists in TradeZone but not in Shopify
87752,Exists in TradeZone but not in Shopify
92283,Exists in TradeZone but not in Shopify
63495,Exists in TradeZone but not in Shopify
84315,Exists in TradeZone but not in Shopify
16225,Exists in TradeZone but not in Shopify
20722,Exists in TradeZone but not in Shopify
101564,Exists in TradeZone but not in Shopify
93359,Exists in TradeZone but not in Shopify
91929,Exists in TradeZone but not in Shopify
19024,Exists in TradeZone but not in Shopify
103382,Exists in TradeZone but not in Shopify
99749,Exists in TradeZone but not in Shopify
91130,Exists in TradeZone but not in Shopify
97312,Exists in TradeZone but not in Shopify
109252,Exists in TradeZone but not in Shopify
100784,Exists in TradeZone but not in Shopify
90524,Exists in TradeZone but not in Shopify
104154,Exists in TradeZone but not in Shopify
109523,Exists in TradeZone but not in Shopify
21452,Exists in TradeZone but not in Shopify
10049,Exists in TradeZone but not in Shopify
14611,Exists in TradeZone but not in Shopify
16684,Exists in TradeZone but not in Shopify
90665,Exists in TradeZone but not in Shopify
98495,Exists in TradeZone but not in Shopify
102611,Exists in TradeZone but not in Shopify
16569,Exists in TradeZone but not in Shopify
20142,Exists in TradeZone but not in Shopify
24044,Exists in TradeZone but not in Shopify
102507,Exists in TradeZone but not in Shopify
21862,Exists in TradeZone but not in Shopify
91532,Exists in TradeZone but not in Shopify
108380,Exists in TradeZone but not in Shopify
31194,Exists in TradeZone but not in Shopify
20645,Exists in TradeZone but not in Shopify
39135,Exists in TradeZone but not in Shopify
107674,Exists in TradeZone but not in Shopify
80073,Exists in TradeZone but not in Shopify
101811,Exists in TradeZone but not in Shopify
107660,Exists in TradeZone but not in Shopify
98163,Exists in TradeZone but not in Shopify
107902,Exists in TradeZone but not in Shopify
10582,Exists in TradeZone but not in Shopify
101535,Exists in TradeZone but not in Shopify
25180,Exists in TradeZone but not in Shopify
105155,Exists in TradeZone but not in Shopify
106398,Exists in TradeZone but not in Shopify
108865,Exists in TradeZone but not in Shopify
103948,Exists in TradeZone but not in Shopify
77448,Exists in TradeZone but not in Shopify
76638,Exists in TradeZone but not in Shopify
98108,Exists in TradeZone but not in Shopify
103986,Exists in TradeZone but not in Shopify
108489,Exists in TradeZone but not in Shopify
85528,Exists in TradeZone but not in Shopify
105983,Exists in TradeZone but not in Shopify
98442,Exists in TradeZone but not in Shopify
93585,Exists in TradeZone but not in Shopify
108244,Exists in TradeZone but not in Shopify
29332,Exists in TradeZone but not in Shopify
80743,Exists in TradeZone but not in Shopify
17616,Exists in TradeZone but not in Shopify
18034,Exists in TradeZone but not in Shopify
84108,Exists in TradeZone but not in Shopify
22047,Exists in TradeZone but not in Shopify
67441,Exists in TradeZone but not in Shopify
107979,Exists in TradeZone but not in Shopify
28866,Exists in TradeZone but not in Shopify
75793,Exists in TradeZone but not in Shopify
24090,Exists in TradeZone but not in Shopify
16429,Exists in TradeZone but not in Shopify
75559,Exists in TradeZone but not in Shopify
93828,Exists in TradeZone but not in Shopify
18008,Exists in TradeZone but not in Shopify
99030,Exists in TradeZone but not in Shopify
103635,Exists in TradeZone but not in Shopify
93815,Exists in TradeZone but not in Shopify
23741,Exists in TradeZone but not in Shopify
25081,Exists in TradeZone but not in Shopify
89355,Exists in TradeZone but not in Shopify
96766,Exists in TradeZone but not in Shopify
105885,Exists in TradeZone but not in Shopify
97157,Exists in TradeZone but not in Shopify
21783,Exists in TradeZone but not in Shopify
90003,Exists in TradeZone but not in Shopify
14696,Exists in TradeZone but not in Shopify
94525,Exists in TradeZone but not in Shopify
79314,Exists in TradeZone but not in Shopify
105424,Exists in TradeZone but not in Shopify
85754,Exists in TradeZone but not in Shopify
86564,Exists in TradeZone but not in Shopify
102270,Exists in TradeZone but not in Shopify
89399,Exists in TradeZone but not in Shopify
97680,Exists in TradeZone but not in Shopify
91256,Exists in TradeZone but not in Shopify
78490,Exists in TradeZone but not in Shopify
101592,Exists in TradeZone but not in Shopify
87577,Exists in TradeZone but not in Shopify
105981,Exists in TradeZone but not in Shopify
87602,Exists in TradeZone but not in Shopify
100117,Exists in TradeZone but not in Shopify
90289,Exists in TradeZone but not in Shopify
106055,Exists in TradeZone but not in Shopify
93822,Exists in TradeZone but not in Shopify
92844,Exists in TradeZone but not in Shopify
15393,Exists in TradeZone but not in Shopify
92641,Exists in TradeZone but not in Shopify
94318,Exists in TradeZone but not in Shopify
97524,Exists in TradeZone but not in Shopify
106548,Exists in TradeZone but not in Shopify
21720,Exists in TradeZone but not in Shopify
94278,Exists in TradeZone but not in Shopify
106176,Exists in TradeZone but not in Shopify
83631,Exists in TradeZone but not in Shopify
99023,Exists in TradeZone but not in Shopify
91421,Exists in TradeZone but not in Shopify
14689,Exists in TradeZone but not in Shopify
26919,Exists in TradeZone but not in Shopify
107813,Exists in TradeZone but not in Shopify
108091,Exists in TradeZone but not in Shopify
93825,Exists in TradeZone but not in Shopify
87388,Exists in TradeZone but not in Shopify
30586,Exists in TradeZone but not in Shopify
21241,Exists in TradeZone but not in Shopify
99352,Exists in TradeZone but not in Shopify
78821,Exists in TradeZone but not in Shopify
90824,Exists in TradeZone but not in Shopify
84380,Exists in TradeZone but not in Shopify
12389,Exists in TradeZone but not in Shopify
20940,Exists in TradeZone but not in Shopify
84071,Exists in TradeZone but not in Shopify
100033,Exists in TradeZone but not in Shopify
24570,Exists in TradeZone but not in Shopify
96920,Exists in TradeZone but not in Shopify
109199,Exists in TradeZone but not in Shopify
104762,Exists in TradeZone but not in Shopify
101143,Exists in TradeZone but not in Shopify
106694,Exists in TradeZone but not in Shopify
88861,Exists in TradeZone but not in Shopify
25352,Exists in TradeZone but not in Shopify
94998,Exists in TradeZone but not in Shopify
88309,Exists in TradeZone but not in Shopify
75574,Exists in TradeZone but not in Shopify
88181,Exists in TradeZone but not in Shopify
87868,Exists in TradeZone but not in Shopify
29243,Exists in TradeZone but not in Shopify
100230,Exists in TradeZone but not in Shopify
16615,Exists in TradeZone but not in Shopify
21700,Exists in TradeZone but not in Shopify
93955,Exists in TradeZone but not in Shopify
33412,Exists in TradeZone but not in Shopify
25341,Exists in TradeZone but not in Shopify
97002,Exists in TradeZone but not in Shopify
26598,Exists in TradeZone but not in Shopify
81690,Exists in TradeZone but not in Shopify
109436,Exists in TradeZone but not in Shopify
77776,Exists in TradeZone but not in Shopify
16142,Exists in TradeZone but not in Shopify
102830,Exists in TradeZone but not in Shopify
76460,Exists in TradeZone but not in Shopify
75756,Exists in TradeZone but not in Shopify
97311,Exists in TradeZone but not in Shopify
12406,Exists in TradeZone but not in Shopify
106882,Exists in TradeZone but not in Shopify
102163,Exists in TradeZone but not in Shopify
106335,Exists in TradeZone but not in Shopify
77149,Exists in TradeZone but not in Shopify
93127,Exists in TradeZone but not in Shopify
102530,Exists in TradeZone but not in Shopify
33007,Exists in TradeZone but not in Shopify
101194,Exists in TradeZone but not in Shopify
78053,Exists in TradeZone but not in Shopify
101563,Exists in TradeZone but not in Shopify
26154,Exists in TradeZone but not in Shopify
26273,Exists in TradeZone but not in Shopify
78394,Exists in TradeZone but not in Shopify
21729,Exists in TradeZone but not in Shopify
98049,Exists in TradeZone but not in Shopify
99937,Exists in TradeZone but not in Shopify
109335,Exists in TradeZone but not in Shopify
98865,Exists in TradeZone but not in Shopify
25313,Exists in TradeZone but not in Shopify
100794,Exists in TradeZone but not in Shopify
24169,Exists in TradeZone but not in Shopify
106320,Exists in TradeZone but not in Shopify
15835,Exists in TradeZone but not in Shopify
92737,Exists in TradeZone but not in Shopify
79418,Exists in TradeZone but not in Shopify
76508,Exists in TradeZone but not in Shopify
100229,Exists in TradeZone but not in Shopify
18496,Exists in TradeZone but not in Shopify
10638,Exists in TradeZone but not in Shopify
80914,Exists in TradeZone but not in Shopify
93013,Exists in TradeZone but not in Shopify
106296,Exists in TradeZone but not in Shopify
101418,Exists in TradeZone but not in Shopify
105047,Exists in TradeZone but not in Shopify
92246,Exists in TradeZone but not in Shopify
92505,Exists in TradeZone but not in Shopify
98013,Exists in TradeZone but not in Shopify
96781,Exists in TradeZone but not in Shopify
104613,Exists in TradeZone but not in Shopify
105918,Exists in TradeZone but not in Shopify
94592,Exists in TradeZone but not in Shopify
20517,Exists in TradeZone but not in Shopify
33468,Exists in TradeZone but not in Shopify
95019,Exists in TradeZone but not in Shopify
103619,Exists in TradeZone but not in Shopify
106762,Exists in TradeZone but not in Shopify
14299,Exists in TradeZone but not in Shopify
91553,Exists in TradeZone but not in Shopify
87609,Exists in TradeZone but not in Shopify
92383,Exists in TradeZone but not in Shopify
21249,Exists in TradeZone but not in Shopify
95735,Exists in TradeZone but not in Shopify
31448,Exists in TradeZone but not in Shopify
18205,Exists in TradeZone but not in Shopify
97451,Exists in TradeZone but not in Shopify
18180,Exists in TradeZone but not in Shopify
108376,Exists in TradeZone but not in Shopify
108935,Exists in TradeZone but not in Shopify
97930,Exists in TradeZone but not in Shopify
106763,Exists in TradeZone but not in Shopify
95096,Exists in TradeZone but not in Shopify
95973,Exists in TradeZone but not in Shopify
19524,Exists in TradeZone but not in Shopify
104087,Exists in TradeZone but not in Shopify
21842,Exists in TradeZone but not in Shopify
21957,Exists in TradeZone but not in Shopify
92984,Exists in TradeZone but not in Shopify
105231,Exists in TradeZone but not in Shopify
83135,Exists in TradeZone but not in Shopify
10401,Exists in TradeZone but not in Shopify
78805,Exists in TradeZone but not in Shopify
80704,Exists in TradeZone but not in Shopify
96541,Exists in TradeZone but not in Shopify
57868,Exists in TradeZone but not in Shopify
17455,Exists in TradeZone but not in Shopify
95060,Exists in TradeZone but not in Shopify
24538,Exists in TradeZone but not in Shopify
95501,Exists in TradeZone but not in Shopify
21542,Exists in TradeZone but not in Shopify
98565,Exists in TradeZone but not in Shopify
25092,Exists in TradeZone but not in Shopify
75948,Exists in TradeZone but not in Shopify
104621,Exists in TradeZone but not in Shopify
86146,Exists in TradeZone but not in Shopify
20230,Exists in TradeZone but not in Shopify
94051,Exists in TradeZone but not in Shopify
25553,Exists in TradeZone but not in Shopify
100159,Exists in TradeZone but not in Shopify
91303,Exists in TradeZone but not in Shopify
94976,Exists in TradeZone but not in Shopify
105930,Exists in TradeZone but not in Shopify
91102,Exists in TradeZone but not in Shopify
94990,Exists in TradeZone but not in Shopify
18525,Exists in TradeZone but not in Shopify
20236,Exists in TradeZone but not in Shopify
75855,Exists in TradeZone but not in Shopify
97793,Exists in TradeZone but not in Shopify
107541,Exists in TradeZone but not in Shopify
98072,Exists in TradeZone but not in Shopify
19187,Exists in TradeZone but not in Shopify
78388,Exists in TradeZone but not in Shopify
90370,Exists in TradeZone but not in Shopify
25533,Exists in TradeZone but not in Shopify
83042,Exists in TradeZone but not in Shopify
85714,Exists in TradeZone but not in Shopify
88070,Exists in TradeZone but not in Shopify
103449,Exists in TradeZone but not in Shopify
93916,Exists in TradeZone but not in Shopify
103675,Exists in TradeZone but not in Shopify
89898,Exists in TradeZone but not in Shopify
97119,Exists in TradeZone but not in Shopify
94754,Exists in TradeZone but not in Shopify
98085,Exists in TradeZone but not in Shopify
101967,Exists in TradeZone but not in Shopify
109470,Exists in TradeZone but not in Shopify
19803,Exists in TradeZone but not in Shopify
81133,Exists in TradeZone but not in Shopify
105891,Exists in TradeZone but not in Shopify
20563,Exists in TradeZone but not in Shopify
78501,Exists in TradeZone but not in Shopify
106291,Exists in TradeZone but not in Shopify
98147,Exists in TradeZone but not in Shopify
81302,Exists in TradeZone but not in Shopify
105537,Exists in TradeZone but not in Shopify
23910,Exists in TradeZone but not in Shopify
11242,Exists in TradeZone but not in Shopify
98358,Exists in TradeZone but not in Shopify
100842,Exists in TradeZone but not in Shopify
100800,Exists in TradeZone but not in Shopify
96944,Exists in TradeZone but not in Shopify
98389,Exists in TradeZone but not in Shopify
22140,Exists in TradeZone but not in Shopify
98503,Exists in TradeZone but not in Shopify
77441,Exists in TradeZone but not in Shopify
10507,Exists in TradeZone but not in Shopify
106166,Exists in TradeZone but not in Shopify
90844,Exists in TradeZone but not in Shopify
18031,Exists in TradeZone but not in Shopify
16527,Exists in TradeZone but not in Shopify
106267,Exists in TradeZone but not in Shopify
95714,Exists in TradeZone but not in Shopify
22065,Exists in TradeZone but not in Shopify
79338,Exists in TradeZone but not in Shopify
95913,Exists in TradeZone but not in Shopify
23845,Exists in TradeZone but not in Shopify
100985,Exists in TradeZone but not in Shopify
26826,Exists in TradeZone but not in Shopify
82206,Exists in TradeZone but not in Shopify
24051,Exists in TradeZone but not in Shopify
81384,Exists in TradeZone but not in Shopify
